-- MSB system init data
SET NAMES utf8mb4 ;
-- use msb;
-- 1.初始化权限数据

-- 管理员账户信息


INSERT INTO `t_user` (`id`,`operator_id`,`name`,`status`,`is_lock`,`org_id`,`login_id`,`user_id`,`person_card_no`,`email`,`mobile`,`create_time`,`update_time`,`create_by`,`update_by`,`org_name`) 
VALUES (43,137994,'段新','0',0,104869,'duanxin','duanxin','','','13902220057','2018-09-27 16:51:17','2018-11-12 13:49:52',NULL,NULL,'网管支撑室');


--  模块数据


INSERT INTO `t_module` (`id`,`parent_id`,`module_name`,`m_key`,`apis`,`create_time`,`create_by`,`update_time`,`update_by`,`status`,`org_id`)
VALUES 
 (1,69,'流控管理','gateway/flow','',NULL,NULL,'2018-10-29 10:29:15','zhangming','0',NULL),
 (2,69,'动态路由','gateway/route',NULL,NULL,NULL,'2018-10-29 10:28:46','zhangming','0',NULL),
 (3,69,'熔断管理','gateway/break',NULL,NULL,NULL,'2018-10-29 10:28:46','zhangming','0',NULL),
 (4,70,'我的应用','api-manage/my-app',NULL,NULL,NULL,'2018-10-26 14:31:50','duanxin','0',NULL),
 (5,70,'API订阅','api-manage/api-subscribe',NULL,NULL,NULL,'2018-10-26 14:31:50','duanxin','0',NULL),
 (6,70,'API注册发布','api-manage/regist',NULL,NULL,NULL,'2018-10-26 14:31:50','duanxin','0',NULL),
 (7,70,'API分组管理','api-manage/group',NULL,NULL,NULL,'2018-10-26 14:31:50','duanxin','0',NULL),
 (8,71,'新增应用审核','verify-manage/new-app-review',NULL,NULL,NULL,NULL,NULL,'0',NULL),
 (9,71,'API发布审核','verify-manage/publish-review',NULL,NULL,NULL,NULL,NULL,'0',NULL),
 (10,71,'API订阅审核','verify-manage/api-review',NULL,NULL,NULL,NULL,NULL,'0',NULL),
 (11,72,'微服务配置管理','conf-center/micro-serve',NULL,NULL,NULL,'2018-10-26 16:46:34','libai','0',NULL),
 (12,73,'服务目录','service/directory',NULL,NULL,NULL,NULL,NULL,'0',NULL),
 (13,73,'服务日志','service/registry-logs',NULL,NULL,NULL,'2018-10-26 18:20:26','libai','0',NULL),
 (14,74,'账号管理','system/user','',NULL,NULL,NULL,NULL,'0',NULL),
 (15,74,'角色管理','system/role-manage',NULL,NULL,NULL,'2018-10-18 17:12:41','','0',NULL),
 (16,74,'组织架构管理','system/organize-structure-manage','',NULL,NULL,'2018-11-06 15:10:42','libai','0',NULL),
 (17,1,'流控管理-新增策略','gateway/flow:add','10026,10003,10052',NULL,NULL,'2018-10-29 14:50:27','zhangming','0',NULL),
 (18,1,'流控管理-修改','gateway/flow:modify','10053',NULL,NULL,'2018-10-29 11:13:19','zhangming','0',NULL),
 (19,1,'流控管理-删除','gateway/flow:delete','10054',NULL,NULL,'2018-10-29 10:29:15','zhangming','0',NULL),
 (20,2,'动态路由-新增','gateway/route:add','10058',NULL,NULL,'2018-11-07 18:38:29','zhangming','0',NULL),
 (21,2,'动态路由-修改','gateway/route:modify','10061',NULL,NULL,'2018-10-29 10:28:46','zhangming','0',NULL),
 (22,2,'动态路由-删除','gateway/route:delete','10059',NULL,NULL,'2018-10-29 10:28:46','zhangming','0',NULL),
 (23,4,'我的应用-新增','api-manage/my-app:add','10025',NULL,NULL,'2018-10-26 14:31:50','duanxin','0',NULL),
 (24,4,'我的应用-修改','api-manage/my-app:modify','10030',NULL,NULL,'2018-10-26 14:31:50','duanxin','0',NULL),
 (25,4,'我的应用-删除','api-manage/my-app:delete','10028',NULL,NULL,'2018-10-26 14:31:50','duanxin','0',NULL),
 (26,4,'我的应用-申请生效','api-manage/my-app:apply','10029',NULL,NULL,'2018-10-26 14:31:50','duanxin','0',NULL),
 (27,5,'API订阅-订阅','api-manage/api-subscribe:subscribe','10003,10006,10019,20007,20008',NULL,NULL,'2018-10-26 14:31:50','duanxin','0',NULL),
 (28,5,'API订阅-申请订阅','api-manage/api-subscribe:apply','10004',NULL,NULL,'2018-10-26 14:31:50','duanxin','0',NULL),
 (29,5,'API订阅-删除','api-manage/api-subscribe:delete','10021',NULL,NULL,'2018-10-26 14:31:50','duanxin','0',NULL),
 (30,5,'API订阅-取消订阅','api-manage/api-subscribe:cancel','10024',NULL,NULL,'2018-10-26 14:31:50','duanxin','0',NULL),
 (31,6,'API注册发布-注册','api-manage/regist:regist','10032',NULL,NULL,'2018-10-26 14:31:50','duanxin','0',NULL),
 (32,6,'API注册发布-修改','api-manage/regist:modify','10000,10001',NULL,NULL,'2018-10-26 14:31:50','duanxin','0',NULL),
 (33,6,'API注册发布-删除','api-manage/regist:delete','10002',NULL,NULL,'2018-10-26 14:31:50','duanxin','0',NULL),
 (34,6,'API注册发布-申请上线','api-manage/regist:rapply:0','10004',NULL,NULL,'2018-10-26 14:31:50','duanxin','0',NULL),
 (35,6,'API注册发布-申请下线','api-manage/regist:rapply:1','10004',NULL,NULL,'2018-10-26 14:31:50','duanxin','0',NULL),
 (36,7,'API分组管理-新增','api-manage/group:add','10010',NULL,NULL,'2018-10-26 14:31:50','duanxin','0',NULL),
 (37,7,'API分组管理-查询','api-manage/group:query','10008',NULL,NULL,'2018-10-26 14:31:50','duanxin','0',NULL),
 (38,7,'API分组管理-修改','api-manage/group:modify','10016',NULL,NULL,'2018-10-26 14:31:50','duanxin','0',NULL),
 (39,7,'API分组管理-删除','api-manage/group:delete','10099',NULL,NULL,'2018-10-26 14:31:50','duanxin','0',NULL),
 (40,8,'新增应用审核-通过','verify-manage/new-app-review:pass','10015',NULL,NULL,NULL,NULL,'0',NULL),
 (41,8,'新增应用审核-不通过','verify-manage/new-app-review:unpass','10015',NULL,NULL,NULL,NULL,'0',NULL),
 (42,9,'API发布审核-通过','verify-manage/publish-review:pass','10013',NULL,NULL,NULL,NULL,'0',NULL),
 (43,9,'API发布审核-不通过','verify-manage/publish-review:unpass','10013',NULL,NULL,NULL,NULL,'0',NULL),
 (44,10,'API订阅审核-通过','verify-manage/api-review:pass','10024',NULL,NULL,NULL,NULL,'0',NULL),
 (45,10,'API订阅审核-不通过','verify-manage/api-review:unpass','10024',NULL,NULL,NULL,NULL,'0',NULL),
 (46,11,'微服务配置管理-新增','conf-center/micro-serve:add','10046',NULL,NULL,'2018-10-23 18:21:07','','0',NULL),
 (47,11,'微服务配置管理-修改','conf-center/micro-serve:modify','10049',NULL,NULL,'2018-10-23 18:21:10','','0',NULL),
 (48,11,'微服务配置管理-删除','conf-center/micro-serve:delete','10047',NULL,NULL,'2018-10-26 16:46:34','libai','0',NULL),
 (49,11,'微服务配置管理-查询微服务配置','conf-center/micro-serve:query','10050,10045',NULL,NULL,'2018-11-06 15:15:47','libai','0',NULL),
 (50,11,'微服务配置管理-刷新','conf-center/micro-serve:refresh','10048',NULL,NULL,'2018-10-23 18:21:17','','0',NULL),
 (51,12,'服务目录-新增','service/directory:add','10067',NULL,NULL,'2018-10-23 18:20:02','','0',NULL),
 (52,12,'服务目录-同步','service/directory:sync','10063',NULL,NULL,NULL,NULL,'0',NULL),
 (53,14,'账号管理-导出','system/user:export','10081',NULL,NULL,NULL,NULL,'0',NULL),
 (54,14,'账号管理-锁定','system/user:lock','10079',NULL,NULL,NULL,NULL,'0',NULL),
 (55,14,'账号管理-解锁','system/user:unlock','10079',NULL,NULL,NULL,NULL,'0',NULL),
 (56,14,'账号管理-启用','system/user:enable','10079',NULL,NULL,NULL,NULL,'0',NULL),
 (57,14,'账号管理-停用','system/user:disable','10079',NULL,NULL,NULL,NULL,'0',NULL),
 (58,15,'角色管理-新增','system/role-manage:add','10086',NULL,NULL,NULL,NULL,'0',NULL),
 (59,15,'角色管理-修改','system/role-manage:modify','10087',NULL,NULL,NULL,NULL,'0',NULL),
 (60,15,'角色管理-删除','system/role-manage:delete','10088',NULL,NULL,NULL,NULL,'0',NULL),
 (61,15,'角色管理-角色用户','system/role-manage:user','10089,10084,10090',NULL,NULL,NULL,NULL,'0',NULL),
 (62,15,'角色管理-角色权限','system/role-manage:auth','10096,10095,10097',NULL,NULL,'2018-10-18 18:53:53','','0',NULL),
 (63,74,'模块管理','module/module-manage','10093,10094,10095',NULL,NULL,'2018-10-19 15:36:15','','0',NULL),
 (64,74,'错误码管理','system/error-code-manage','10072',NULL,NULL,'2018-11-06 15:12:18','libai','0',NULL),
 (65,64,'错误码管理-新增','system/error-code-manage:add','10069',NULL,NULL,'2018-10-24 15:00:03','','0',NULL),
 (66,64,'错误码管理-修改','system/error-code-manage:modify','10070',NULL,NULL,NULL,NULL,'0',NULL),
 (67,64,'错误码管理-删除','system/error-code-manage:delete','10071',NULL,NULL,NULL,NULL,'0',NULL),
 (68,16,'组织架构管理-查询组织下用户','system/organize-structure-manage:query-user','10092',NULL,NULL,'2018-11-06 15:10:42','libai','0',NULL),
 (69,0,'网关管理','gateway',NULL,NULL,NULL,'2018-10-29 10:28:46','zhangming','0',NULL),
 (70,0,'API管理','api-manage',NULL,NULL,NULL,'2018-10-26 14:31:50','duanxin','0',NULL),
 (71,0,'审核管理','verify-manage',NULL,NULL,NULL,NULL,NULL,'0',NULL),
 (72,0,'配置中心','conf-center',NULL,NULL,NULL,'2018-10-26 16:46:34','libai','0',NULL),
 (73,0,'服务管理','service',NULL,NULL,NULL,'2018-10-26 18:20:26','libai','0',NULL),
 (74,0,'系统管理','system',NULL,NULL,NULL,'2018-11-09 14:02:32','zhangming','0',NULL),
 (75,64,'错误码管理-刷新','system/error-code-manage:refresh','10074',NULL,NULL,NULL,NULL,'0',NULL),
 (76,63,'模块管理-更改状态','module/module-manage:updateStatus','20005',NULL,NULL,NULL,NULL,'0',NULL),
 (80,64,'错误码管理-查询微服务下的错误码','system/error-code-manage:search','10073',NULL,NULL,'2018-11-06 15:12:18','libai','0',NULL),
 (81,1,'流控管理-查询列表','gateway/flow:list','10000,10055,10027,10031',NULL,NULL,'2018-10-29 10:33:00','zhangming','0',NULL),
 (82,2,'动态路由-查询列表','gateway/route:list','10060,10065',NULL,NULL,'2018-10-29 10:28:46','zhangming','0',NULL),
 (83,3,'熔断管理-查询列表','gateway/break:list','20021',NULL,NULL,'2018-10-29 10:28:46','zhangming','0',NULL),
 (84,4,'我的应用-查询列表','api-manage/my-app:list','10026,10031',NULL,NULL,'2018-10-26 14:31:50','duanxin','0',NULL),
 (85,5,'API订阅-查询列表','api-manage/api-subscribe:list','10017,10026',NULL,NULL,'2018-10-26 14:31:50','duanxin','0',NULL),
 (86,6,'API注册发布-查询列表','api-manage/regist:list','10003,10065,10011',NULL,NULL,'2018-10-26 14:31:50','duanxin','0',NULL),
 (87,7,'API分组管理-查询列表','api-manage/group:list','10006,10003,10008',NULL,NULL,'2018-10-26 14:31:50','duanxin','0',NULL),
 (88,8,'新增应用审核-查询列表','verify-manage/new-app-review:list','10014',NULL,NULL,NULL,NULL,'0',NULL),
 (89,9,'API发布审核-查询列表','verify-manage/publish-review:list','10012,10000',NULL,NULL,NULL,NULL,'0',NULL),
 (90,10,'API订阅审核-查询列表','verify-manage/api-review:list','10018,10027',NULL,NULL,NULL,NULL,'0',NULL),
 (91,11,'微服务配置管理-查询列表','conf-center/micro-serve:list','10065,10051',NULL,NULL,'2018-10-24 14:36:50','','0',NULL),
 (92,12,'服务目录-查询列表','service/directory:list','10065,10064',NULL,NULL,NULL,NULL,'0',NULL),
 (93,13,'服务日志-查询列表','service/registry-logs:list','10066',NULL,NULL,'2018-10-26 18:20:26','libai','0',NULL),
 (94,14,'账号管理-查询列表','system/user:list','10084',NULL,NULL,NULL,NULL,'0',NULL),
 (95,15,'角色管理-查询列表','system/role-manage:list','10085',NULL,NULL,NULL,NULL,'0',NULL),
 (96,16,'组织架构管理-查询列表','system/organize-structure-manage:list','10091,10077',NULL,NULL,NULL,NULL,'0',NULL),
 (97,63,'模块管理-查询列表','module/module-manage:list','10095,10094',NULL,NULL,NULL,NULL,'0',NULL),
 (98,64,'错误码管理-查询列表','system/error-code-manage:list','10065,10072',NULL,NULL,'2018-11-08 14:02:42','libai','0',NULL),
 (99,12,'服务目录-删除','service/directory:delete','10075',NULL,NULL,NULL,NULL,'0',NULL),
 (100,16,'组织架构管理-同步','system/organize-structure-manage:sync','10080',NULL,NULL,NULL,NULL,'0',NULL),
 (101,74,'数据组管理','sysyem/data-org',NULL,NULL,NULL,'2018-11-09 14:02:32','zhangming','0',NULL),
 (102,101,'数据组管理-查询列表（树）','system/data-org:list','20009',NULL,NULL,'2018-11-08 13:59:23','libai','0',NULL),
 (103,101,'数据组管理-添加数据组','system/data-org:add','20015',NULL,NULL,'2018-11-08 14:06:10','libai','0',NULL),
 (104,101,'数据组管理-删除数据组','system/data-org:delete','20013',NULL,NULL,'2018-11-08 14:06:08','libai','0',NULL),
 (105,101,'数据组管理-修改数据组','system/data-org:update','20014',NULL,NULL,'2018-11-08 14:06:05','libai','0',NULL),
 (106,101,'数据组管理-主组配置','system/data-org:main-org','10084,20012,20010,20011',NULL,NULL,'2018-11-08 14:06:02','libai','0',NULL),
 (107,101,'数据组管理-为数据组添加用户','system/data-org:add-users','20011',NULL,NULL,'2018-11-09 14:02:32','zhangming','0',NULL),
 (108,101,'数据组管理-从数据组中移除用户','system/data-org:remove-users','20010',NULL,NULL,'2018-11-09 14:02:35','zhangming','0',NULL),
 (110,111,'熔断监控','monitor/hystrix-dashboard:list','10003,10065',NULL,NULL,NULL,NULL,'0',NULL),
 (111,0,'监控管理','monitor',NULL,NULL,NULL,NULL,NULL,'0',NULL),
 (112,111,'服务调用链','monitor/zipkin-dashboard:list',NULL,NULL,NULL,NULL,NULL,'0',NULL),
 (116,111,'系统日志','monitor/system-log',NULL,NULL,NULL,NULL,NULL,'0',NULL),
 (117,116,'系统日志-查询日志','monitor/system-log:list','20016,10003,10065,10026',NULL,NULL,NULL,NULL,'0',NULL),
 (118,3,'熔断管理-新增熔断策略','gateway/break:add','20026',NULL,NULL,NULL,NULL,'0',NULL),
 (119,101,'数据组管理-可见组配置','system/data-org:view-org','10084,20012,20010,20011',NULL,NULL,'2018-11-08 14:05:27','libai','0',NULL),
 (120,3,'熔断管理-删除熔断策略','gateway/break:delete','20023',NULL,NULL,NULL,NULL,'0',NULL),
 (121,3,'熔断管理-修改熔断策略','gateway/break:update','20027',NULL,NULL,NULL,NULL,'0',NULL),
 (122,3,'熔断管理-查询默认熔断策略','gateway/break:get-default','20034',NULL,NULL,NULL,NULL,'0',NULL),
 (123,3,'熔断管理-修改默认熔断策略','gateway/break:update-default','20029',NULL,NULL,NULL,NULL,'0',NULL),
 (124,3,'熔断管理-查询API','gateway/break:get-api','20031',NULL,NULL,NULL,NULL,'0',NULL),
 (125,3,'熔断管理-为熔断绑定API','gateway/break:add-api','20032',NULL,NULL,NULL,NULL,'0',NULL),
 (126,3,'熔断管理-为熔断解绑API','gateway/break:remove-api','20033',NULL,NULL,NULL,NULL,'0',NULL),
 (127,111,'网关监控','monitor/gateway','20035,20036,20037',NULL,NULL,NULL,NULL,'0',NULL),
 (128,111,'API调用统计','monitor/api-count','10003,20041,20042,20043',NULL,NULL,NULL,NULL,'0',NULL);



--  角色数据


INSERT INTO `t_role` (`id`,`role_name`,`create_time`,`update_time`,`create_by`,`update_by`,`org_id`) 
VALUES (1,'管理员','2018-07-25 14:37:44','2018-10-12 18:37:02',NULL,NULL,1);


--  角色权限数据


INSERT INTO `t_role_auth` (`role_id`,`auth_id`,`create_time`,`create_by`) 
VALUES
(1,1,NULL,NULL),
(1,2,NULL,NULL),
(1,3,NULL,NULL),
(1,4,NULL,NULL),
(1,5,NULL,NULL),
(1,6,NULL,NULL),
(1,7,NULL,NULL),
(1,8,NULL,NULL),
(1,9,NULL,NULL),
(1,10,NULL,NULL),
(1,11,NULL,NULL),
(1,12,NULL,NULL),
(1,13,NULL,NULL),
(1,14,NULL,NULL),
(1,15,NULL,NULL),
(1,16,NULL,NULL),
(1,17,NULL,NULL),
(1,18,NULL,NULL),
(1,19,NULL,NULL),
(1,20,NULL,NULL),
(1,21,NULL,NULL),
(1,22,NULL,NULL),
(1,23,'2018-11-06 16:03:47','duanxin'),
(1,24,NULL,NULL),
(1,25,NULL,NULL),
(1,26,NULL,NULL),
(1,27,'2018-10-24 17:12:17',NULL),
(1,28,'2018-10-24 17:12:17',NULL),
(1,29,'2018-10-24 17:12:17',NULL),
(1,30,'2018-10-24 17:12:17',NULL),
(1,31,NULL,NULL),
(1,32,NULL,NULL),
(1,33,NULL,NULL),
(1,34,NULL,NULL),
(1,35,NULL,NULL),
(1,36,NULL,NULL),
(1,37,'2018-10-29 14:52:33','libai'),
(1,38,NULL,NULL),
(1,39,NULL,NULL),
(1,40,NULL,NULL),
(1,41,NULL,NULL),
(1,42,NULL,NULL),
(1,43,NULL,NULL),
(1,44,NULL,NULL),
(1,45,NULL,NULL),
(1,46,NULL,NULL),
(1,47,NULL,NULL),
(1,48,NULL,NULL),
(1,49,'2018-11-06 15:18:41','libai'),
(1,50,NULL,NULL),
(1,51,NULL,NULL),
(1,52,NULL,NULL),
(1,53,NULL,NULL),
(1,54,NULL,NULL),
(1,55,NULL,NULL),
(1,56,NULL,NULL),
(1,57,NULL,NULL),
(1,58,NULL,NULL),
(1,59,NULL,NULL),
(1,60,NULL,NULL),
(1,61,NULL,NULL),
(1,62,NULL,NULL),
(1,63,NULL,NULL),
(1,64,NULL,NULL),
(1,65,NULL,NULL),
(1,66,NULL,NULL),
(1,67,NULL,NULL),
(1,68,'2018-11-06 18:34:05','duanxin'),
(1,69,'2018-10-29 17:13:09','libai'),
(1,70,'2018-10-24 17:12:17',NULL),
(1,71,'2018-10-29 17:13:09','libai'),
(1,72,'2018-10-29 17:13:19','libai'),
(1,73,'2018-10-29 17:13:19','libai'),
(1,74,'2018-10-24 17:12:17',NULL),
(1,75,NULL,NULL),
(1,76,NULL,NULL),
(1,80,'2018-11-06 18:34:05','duanxin'),
(1,81,NULL,NULL),
(1,82,NULL,NULL),
(1,83,NULL,NULL),
(1,84,NULL,NULL),
(1,85,NULL,NULL),
(1,86,NULL,NULL),
(1,87,NULL,NULL),
(1,88,NULL,NULL),
(1,89,NULL,NULL),
(1,90,NULL,NULL),
(1,91,NULL,NULL),
(1,92,NULL,NULL),
(1,93,NULL,NULL),
(1,94,NULL,NULL),
(1,95,NULL,NULL),
(1,96,NULL,NULL),
(1,97,NULL,NULL),
(1,98,NULL,NULL),
(1,99,'2018-10-23 18:27:36',NULL),
(1,100,'2018-10-24 17:12:17',NULL),
(1,101,NULL,NULL),
(1,102,NULL,NULL),
(1,103,'2018-10-31 10:55:13','duanxin'),
(1,104,'2018-10-31 11:09:19','duanxin'),
(1,105,'2018-10-31 11:27:00','duanxin'),
(1,106,'2018-10-31 11:40:45','duanxin'),
(1,107,'2018-11-06 16:11:46','duanxin'),
(1,108,'2018-11-06 16:11:25','duanxin'),
(1,110,'2018-11-02 11:02:07','duanxin'),
(1,111,'2018-11-02 14:51:33','duanxin'),
(1,112,'2018-11-02 14:51:33','duanxin'),
(1,116,'2018-11-06 10:47:42','duanxin'),
(1,117,'2018-11-06 10:47:42','duanxin'),
(1,118,'2018-11-06 13:59:23','duanxin'),
(1,119,'2018-11-06 15:56:50','duanxin'),
(1,120,'2018-11-06 18:34:05','duanxin'),
(1,121,'2018-11-07 13:54:18','duanxin'),
(1,122,'2018-11-07 15:55:55','duanxin'),
(1,123,NULL,NULL),
(1,124,'2018-11-07 18:01:58','duanxin'),
(1,125,'2018-11-08 11:53:14','duanxin'),
(1,126,'2018-11-08 11:53:14','duanxin'),
(1,127,'2018-11-09 14:51:43','duanxin'),
(1,128,'2018-11-12 11:09:12','duanxin');


--  用户角色关系

INSERT INTO `t_user_role` (`role_id`,`user_id`,`create_time`,`create_by`) VALUES (1,43,'2018-10-15 15:21:54',NULL);


--  数据组


INSERT INTO `t_data_org` (`id`,`org_name`,`create_by`,`create_time`,`update_by`,`update_time`,`parent`,`parent_list`,`org_id`) 
VALUES (1,'MSB超级管理组',NULL,NULL,NULL,'2018-11-07 09:45:47',0,'0,',NULL);


--  用户数据组关系


INSERT INTO `t_data_org_user` (`org_id`,`user_id`,`create_time`,`main_flag`) VALUES (1,'duanxin','2018-11-01 14:41:46','1');


--  2.MSB基础服务
--  基础服务列表

INSERT INTO `t_service` (`id`,`service_id`,`service_name`,`update_time`,`create_time`,`create_by`,`update_by`,`service_secret`,`service_code`,`refresh_date`,`org_id`) 
VALUES 
 (47,'msb-api','msb-api','2018-08-17 15:21:27','2018-08-17 15:21:27','SYNC','SYNC','msb-api','0001','2018-11-07 15:35:23',1),
 (48,'msb-zuul','msb-zuul','2018-08-17 15:21:27','2018-08-17 15:21:27','SYNC','SYNC','msb-zuul','0008','2018-11-08 11:39:05',1),
 (49,'msb-monitor','msb-monitor','2018-08-17 15:21:27','2018-08-17 15:21:27','SYNC','SYNC','msb-monitor','0004','2018-11-09 16:20:09',1),
 (50,'msb-service','msb-service','2018-08-17 15:21:27','2018-08-17 15:21:27','SYNC','SYNC','msb-service','0006','2018-10-23 17:51:07',1),
 (51,'msb-break','msb-break','2018-08-17 15:21:27','2018-08-17 15:21:27','SYNC','SYNC','msb-break','0009','2018-11-09 10:10:21',1),
 (52,'msb-config','msb-config','2018-08-17 15:21:27','2018-08-17 15:21:27','SYNC','SYNC','msb-config','0003','2018-10-23 17:50:56',1),
 (53,'msb-system','msb-system','2018-08-17 15:21:27','2018-08-17 15:21:27','SYNC','SYNC','msb-system','0007','2018-11-08 18:23:05',1),
 (54,'msb-route','msb-route','2018-08-17 15:21:27','2018-08-17 15:21:27','SYNC','SYNC','msb-route','0005','2018-11-09 17:29:09',1),
 (144,'msb-auth','msb-auth','2018-09-18 09:34:27','2018-09-18 09:34:27','SYNC','SYNC','msb-auth','0002','2018-10-19 18:52:46',1),
 (151,'msb-fluid','msb-fluid','2018-09-26 14:41:37','2018-09-26 14:41:37',NULL,NULL,'b4882c94cdc3e4711ff3f1ffb15492f0','0010','2018-11-08 10:44:37',1);



--  服务API列表

INSERT INTO `t_service_api` (`id`,`service_id`,`api_name`,`path`,`method`,`status`,`is_annoymous_access`,`create_time`,`create_by`,`update_time`,`update_by`,`org_id`) 
VALUES 
(10000,'msb-api','查询单个api, 查询全部订阅列表','/api/{id}/','GET',2,0,NULL,NULL,NULL,NULL,1),
(10001,'msb-api','修改api','/api/{id}/','PUT',2,0,NULL,NULL,NULL,NULL,1),
(10002,'msb-api','删除api','/api/{id}/','DELETE',2,0,NULL,NULL,NULL,NULL,1),
(10003,'msb-api','查询所有api','/apis/','GET',2,0,NULL,NULL,NULL,NULL,1),
(10004,'msb-api','申请订阅，审核api','/api/{id}/apply/{result}/','POST',2,0,NULL,NULL,NULL,NULL,1),
(10005,'msb-api','API查询route','/routes/','GET',2,0,NULL,NULL,NULL,NULL,1),
(10006,'msb-api','查询所有api组','/api_groups/','GET',2,0,NULL,NULL,NULL,NULL,1),
(10007,'msb-api','新增api组','/api_group/','PUT',2,0,NULL,NULL,NULL,NULL,1),
(10008,'msb-api','修改api组内的api','/api_group/{groupId}/','PUT',2,0,NULL,NULL,'2018-10-29 17:18:26',NULL,1),
(10009,'msb-api','获取API分组的API','/api_group/{groupId}/apis/','GET',2,0,NULL,NULL,NULL,NULL,1),
(10010,'msb-api','添加API分组','/api_group/','POST',2,0,NULL,NULL,NULL,NULL,1),
(10011,'msb-api','查询订阅了该api的应用','/api/{id}/apps/','GET',2,0,NULL,NULL,NULL,NULL,1),
(10012,'msb-api','api发布审核列表','/api/audit/list/','GET',2,0,NULL,NULL,NULL,NULL,1),
(10013,'msb-api','api发布审核','/api/audit/{audit_id}/','POST',2,0,NULL,NULL,NULL,NULL,1),
(10014,'msb-api','app审核列表','/app/audit/list/','GET',2,0,NULL,NULL,NULL,NULL,1),
(10015,'msb-api','app审核','/app/audit/{auditId}/','POST',2,0,NULL,NULL,NULL,NULL,1),
(10016,'msb-api','修改api组名称','/api_group/{groupId}/name/','PUT',2,0,NULL,NULL,NULL,NULL,1),
(10017,'msb-api','全部订阅(应用订阅API)','/api/order/','GET',2,0,NULL,NULL,NULL,NULL,1),
(10018,'msb-api','查询api订阅审核列表','/api/order/{id}/','GET',2,0,NULL,NULL,NULL,NULL,1),
(10019,'msb-api','新增API订阅','/api/order/','POST',2,0,NULL,NULL,NULL,NULL,1),
(10020,'msb-api','修改API订阅','/api/order/','PUT',2,0,NULL,NULL,NULL,NULL,1),
(10021,'msb-api','删除API订阅','/api/order/{id}/','DELETE',2,0,NULL,NULL,NULL,NULL,1),
(10022,'msb-api','取消API订阅','/api/order/unsubscribe/{id}/','POST',2,0,NULL,NULL,NULL,NULL,1),
(10024,'msb-api','取消订阅，api订阅审核','/api/order/{id}/{optID}/','POST',2,0,NULL,NULL,NULL,NULL,1),
(10025,'msb-api','添加我的应用','/app/','POST',2,0,NULL,NULL,NULL,NULL,1),
(10026,'msb-api','查询我的应用列表','/app/list/all/','GET',2,0,NULL,NULL,NULL,NULL,1),
(10027,'msb-api','获取APP详情','/app/{id}/','GET',2,0,NULL,NULL,NULL,NULL,1),
(10028,'msb-api','删除APP','/app/{id}/','DELETE',2,0,NULL,NULL,NULL,NULL,1),
(10029,'msb-api','APP申请生效','/app/{id}/apply/','POST',2,0,NULL,NULL,NULL,NULL,1),
(10030,'msb-api','修改我的应用','/app/{id}/','POST',2,0,NULL,NULL,NULL,NULL,1),
(10031,'msb-api','查询应用订阅的API','/app/{id}/apis/','GET',2,0,NULL,NULL,NULL,NULL,1),
(10032,'msb-api','新增api','/api/','POST',2,0,NULL,NULL,NULL,NULL,1),
(10034,'msb-api','API同步到redis','/api/sync/','GET',2,0,NULL,NULL,NULL,NULL,1),
(10037,'msb-auth','验证','/oauth/token/','POST',2,1,NULL,NULL,NULL,NULL,1),
(10040,'msb-auth','检查ssoToken','/oauth/sso_login_check/','POST',2,1,NULL,NULL,NULL,NULL,1),
(10041,'msb-break','添加break','/break/','POST',2,0,NULL,NULL,NULL,NULL,1),
(10045,'msb-config','查询微服务配置','/application/{application}/serviceConfig/','GET',2,0,NULL,NULL,NULL,NULL,1),
(10046,'msb-config','添加微服务配置','/serviceConfig/','POST',2,0,NULL,NULL,NULL,NULL,1),
(10047,'msb-config','删除一个微服务配置','/serviceConfig/{id}/','DELETE',2,0,NULL,NULL,NULL,NULL,1),
(10048,'msb-config','刷新服务配置','/{application}/serviceConfig/refresh/','POST',2,0,NULL,NULL,NULL,NULL,1),
(10049,'msb-config','修改服务配置信息','/serviceConfig/{id}/','PUT',2,0,NULL,NULL,NULL,NULL,1),
(10050,'msb-config','查询特定环境服务配置','/application/{app}/{profile}/serviceConfig/','GET',2,0,NULL,NULL,NULL,NULL,1),
(10051,'msb-config','查询当前环境profile','/serviceConfig/profile/','GET',2,0,NULL,NULL,NULL,NULL,1),
(10052,'msb-fluid','添加一个流控策略','/strategy/','POST',2,0,NULL,NULL,NULL,NULL,1),
(10053,'msb-fluid','修改一个流控策略','/strategy/{id}/','PUT',2,0,NULL,NULL,NULL,NULL,1),
(10054,'msb-fluid','删除一个流控策略','/strategy/{id}/','DELETE',2,0,NULL,NULL,NULL,NULL,1),
(10055,'msb-fluid','查询所有流控策略','/strategy/all/','GET',2,0,NULL,NULL,'2018-10-29 16:27:14',NULL,1),
(10056,'msb-monitor','Monitor查询组织架构','/statics/requestCount/{apiId}/{type}/','GET',2,0,NULL,NULL,NULL,NULL,1),
(10057,'msb-monitor','查询服务下所有api的统计信息','/statics/{serviceId}/requestCount/{type}/','GET',2,0,NULL,NULL,NULL,NULL,1),
(10058,'msb-route','新增route','/route/','POST',2,0,NULL,NULL,'2018-10-29 17:22:59',NULL,1),
(10059,'msb-route','删除route','/route/{id}/','DELETE',2,0,NULL,NULL,NULL,NULL,1),
(10060,'msb-route','查询所有route','/routes/','GET',2,0,NULL,NULL,NULL,NULL,1),
(10061,'msb-route','修改route','/route/{id}/','PUT',2,0,NULL,NULL,NULL,NULL,1),
(10063,'msb-service','同步service列表','/serviceItem/sync/','POST',2,0,NULL,NULL,NULL,NULL,1),
(10064,'msb-service','查询service状态','/serviceItem/{serviceId}/status/','GET',2,0,NULL,NULL,NULL,NULL,1),
(10065,'msb-service','查询service列表','/serviceItem/all/','GET',2,0,NULL,NULL,NULL,NULL,1),
(10066,'msb-service','查询服务日志','/register_log/','GET',2,0,NULL,NULL,NULL,NULL,1),
(10067,'msb-service','添加服务目录','/serviceItem/','POST',2,0,NULL,NULL,NULL,NULL,1),
(10069,'msb-service','新增错误码','/errorCode/','POST',2,0,NULL,NULL,NULL,NULL,3),
(10070,'msb-service','修改错误码','/errorCode/{id}/','PUT',2,0,NULL,NULL,NULL,NULL,1),
(10071,'msb-service','删除错误码','/errorCode/{id}/','DELETE',2,0,NULL,NULL,NULL,NULL,1),
(10072,'msb-service','查询错误码','/errorCodes/','GET',2,0,NULL,NULL,NULL,NULL,1),
(10073,'msb-service','微服务下所有错误码','/errorCodes/{serviceId}/','GET',2,0,NULL,NULL,NULL,NULL,1),
(10074,'msb-service','刷新微服务错误码','/errorCodes/{serviceId}/refresh/','POST',2,0,NULL,NULL,NULL,NULL,1),
(10075,'msb-service','删除服务目录','/serviceItem/{id}/','DELETE',2,0,NULL,NULL,NULL,NULL,1),
(10076,'msb-system','新增用户','/user/','POST',2,0,NULL,NULL,NULL,NULL,1),
(10077,'msb-system','查询组织架构','/orgs/','GET',2,0,NULL,NULL,NULL,NULL,1),
(10079,'msb-system','修改用户状态或锁定状态','/user/{id}/','PUT',2,0,NULL,NULL,NULL,NULL,1),
(10080,'msb-system','System同步组织架构','/orgs/sync/','POST',2,0,NULL,NULL,NULL,NULL,1),
(10081,'msb-system','账号导出','/download/user/','GET',2,0,NULL,NULL,NULL,NULL,1),
(10084,'msb-system','查询账号','/users/search/','GET',2,0,NULL,NULL,NULL,NULL,1),
(10085,'msb-system','查询角色','/roles/search/','GET',2,0,NULL,NULL,NULL,NULL,1),
(10086,'msb-system','添加角色','/role/','POST',2,0,NULL,NULL,NULL,NULL,1),
(10087,'msb-system','修改角色信息','/role/{id}/','PUT',2,0,NULL,NULL,NULL,NULL,1),
(10088,'msb-system','删除角色信息','/role/{id}/','DELETE',2,0,NULL,NULL,'2018-10-29 17:15:32',NULL,1),
(10089,'msb-system','查询角色下的用户','/role/{id}/users/','GET',2,0,NULL,NULL,NULL,NULL,1),
(10090,'msb-system','添加和删除角色下的用户','/role/{id}/users/','POST',2,0,NULL,NULL,NULL,NULL,1),
(10091,'msb-system','通过id查询组织架构','/org/{id}/','GET',2,0,NULL,NULL,NULL,NULL,1),
(10092,'msb-system','查询组织下用户','/org/{id}/users/','GET',2,0,NULL,NULL,NULL,NULL,1),
(10093,'msb-system','修改模块状态','/module/{id}/{status}/','PUT',2,0,NULL,NULL,NULL,NULL,1),
(10094,'msb-system','查询模块下用户','/module/{id}/users/','GET',2,0,NULL,NULL,NULL,NULL,1),
(10095,'msb-system','查询所有模块(树形结构)','/module/tree/','GET',2,0,NULL,NULL,NULL,NULL,1),
(10096,'msb-system','查询角色下权限','/role/{id}/auths/','GET',2,0,NULL,NULL,NULL,NULL,1),
(10097,'msb-system','修改角色下的权限','/role/{id}/auths/','POST',2,0,NULL,NULL,NULL,NULL,1),
(10099,'msb-api','删除api组','/api_group/{groupId}/','DELETE',2,0,NULL,NULL,NULL,NULL,1),
(20005,'msb-system','批量修改模块状态','/module/batch/{status}/','POST',2,0,NULL,NULL,NULL,NULL,1),
(20007,'msb-api','查询所有api（没有过滤）','/apis/all/','GET',2,0,'2018-10-29 17:59:58','duanxin','2018-10-29 18:00:47',NULL,1),
(20008,'msb-api','查询所有分组（没有过滤）','/api_groups/all/','GET',2,0,'2018-10-29 18:00:36','duanxin','2018-10-29 18:00:46',NULL,1),
(20009,'msb-system','查询数据组树','/dataOrg/tree/','GET',2,0,'2018-10-30 18:14:07','duanxin','2018-10-30 18:14:37',NULL,1),
(20010,'msb-system','删除用户组关系','/dataOrgUser/delete/batch/','POST',2,0,'2018-10-31 09:48:50','duanxin','2018-10-31 09:54:08',NULL,1),
(20011,'msb-system','添加用户组关系','/dataOrgUser/add/batch/','POST',2,0,'2018-10-31 09:49:31','duanxin','2018-10-31 09:54:05',NULL,1),
(20012,'msb-system','查询组下用户','/dataOrg/{orgId}/user/{type}/','GET',2,0,'2018-10-31 09:50:10','duanxin','2018-10-31 09:54:02',NULL,1),
(20013,'msb-system','删除数据组信息','/dataOrg/{id}/','DELETE',2,0,'2018-10-31 09:51:00','duanxin','2018-10-31 09:54:00',NULL,1),
(20014,'msb-system','修改数据组信息','/dataOrg/{id}/','PUT',2,0,'2018-10-31 09:52:41','duanxin','2018-10-31 09:53:56',NULL,1),
(20015,'msb-system','添加数据组信息','/dataOrg/','POST',2,0,'2018-10-31 09:53:13','duanxin','2018-10-31 09:53:54',NULL,1),
(20016,'msb-monitor','日志查询','/log/','GET',2,0,'2018-11-01 15:13:49','duanxin','2018-11-01 15:13:59',NULL,1),
(20021,'msb-break','查询熔断策略列表','/breaks/search/','GET',2,0,'2018-11-06 14:14:42','duanxin','2018-11-06 14:14:51',NULL,1),
(20023,'msb-break','删除一条熔断策略','/break/{id}/','DELETE',2,0,'2018-11-06 18:29:39','duanxin','2018-11-06 18:29:48',NULL,1),
(20026,'msb-break','添加一条非默认熔断策略','/break/common/','POST',2,0,'2018-11-07 11:55:01','duanxin','2018-11-07 12:00:15',NULL,1),
(20027,'msb-break','修改一条非默认熔断策略','/break/{id}/common/','PUT',2,0,'2018-11-07 12:24:41','duanxin','2018-11-07 13:52:01',NULL,1),
(20029,'msb-break','修改默认熔断策略','/break/default/','POST',2,0,'2018-11-07 16:18:17','duanxin','2018-11-07 16:18:34',NULL,1),
(20031,'msb-break','查询API列表','/break/{id}/serviceApi/','GET',2,0,'2018-11-07 17:59:25','duanxin','2018-11-07 18:00:02',NULL,1),
(20032,'msb-break','为熔断批量绑定API','/apiStrategy/{id}/serviceApi/add/batch/','POST',2,0,'2018-11-08 15:53:24','duanxin','2018-11-08 15:53:35',NULL,1),
(20033,'msb-break','为熔断批量解绑API','/apiStrategy/{id}/serviceApi/delete/batch/','POST',2,0,'2018-11-08 16:05:30','duanxin','2018-11-08 16:05:38',NULL,1),
(20034,'msb-break','查询默认的熔断策略','/break/default/','GET',2,0,'2018-11-09 10:45:23','duanxin','2018-11-09 10:45:52',NULL,1),
(20035,'msb-monitor','网关响应时延-图表显示','/monitor/gateway/min/','GET',2,0,'2018-11-09 14:07:49','dwhuzhiwen2','2018-11-09 14:14:06',NULL,1),
(20036,'msb-monitor','网关响应时延-图表显示（历史记录-按天查询）','/monitor/gateway/hour/{date}/','GET',2,0,'2018-11-09 14:08:28','dwhuzhiwen2','2018-11-09 14:14:08',NULL,1),
(20037,'msb-monitor','网关响应时延-图表显示（历史记录-按月查询）','/monitor/gateway/day/{date}/','GET',2,0,'2018-11-09 14:08:59','dwhuzhiwen2','2018-11-09 14:14:10',NULL,1),
(20041,'msb-monitor','显示服务API请求总数和图表','/monitor/{apiId}/min/','GET',2,0,'2018-11-09 14:11:01','dwhuzhiwen2','2018-11-09 14:14:18',NULL,1),
(20042,'msb-monitor','显示服务API请求总数和图表（历史记录-以天为单位）','/monitor/{apiId}/hour/{date}/','GET',2,0,'2018-11-09 14:11:29','dwhuzhiwen2','2018-11-09 14:14:20',NULL,1),
(20043,'msb-monitor','显示服务API请求总数和图表（历史记录-以月为单位）','/monitor/{apiId}/day/{date}/','GET',2,0,'2018-11-09 14:11:55','dwhuzhiwen2','2018-11-09 14:14:22',NULL,1);


--  基础路由表

INSERT INTO `t_service_route` (`id`,`service_id`,`path`,`create_time`,`update_time`,`create_by`,`update_by`,`org_id`) 
VALUES
 (56,'msb-route','/msbroute/',NULL,NULL,NULL,NULL,1),
 (80,'msb-break','/msbbreak/',NULL,NULL,NULL,NULL,1),
 (83,'msb-config','/msbconfig/',NULL,NULL,NULL,NULL,1),
 (84,'msb-system','/msbsystem/',NULL,NULL,NULL,NULL,1),
 (86,'msb-service','/msbservice/',NULL,NULL,NULL,NULL,1),
 (99,'msb-api','/msbapi/',NULL,NULL,NULL,NULL,1),
 (120,'msb-auth','/msbauth/',NULL,NULL,NULL,NULL,1),
 (142,'msb-fluid','/msbfluid/',NULL,NULL,NULL,NULL,1),
 (147,'msb-monitor','/msbmonitor/',NULL,NULL,NULL,NULL,1);


--  熔断策略

INSERT INTO `t_breaker_strategy` (`id`,`enable_breaker`,`request_volume`,`sleep`,`fail_rate`,`timeout`,`create_time`,`create_by`,`update_time`,`update_by`,`is_default`,`strategy_name`,`org_id`) 
VALUES
 (2,1,20,5000,50,1000,'2018-07-26 17:46:44',NULL,'2018-11-12 14:34:42',NULL,1,'默认熔断策略',NULL),
 (21,1,20,5000,50,7000,'2018-11-12 14:37:34','duanxin','2018-11-12 14:37:34',NULL,0,'配置刷新熔断策略',1);


--  熔断策略与API关系表

INSERT INTO `t_breaker_strategy_api` (`id`,`strategy_id`,`api_id`,`create_time`,`create_by`,`update_time`,`update_by`,`org_id`) 
VALUES 
(811,21,10048,'2018-11-12 14:38:16','duanxin','2018-11-12 14:38:16',NULL,1);

--  熔断配置表

INSERT INTO `t_service_breaker` (`id`,`property_key`,`property_value`,`create_time`,`create_by`,`update_time`,`update_by`,`api_id`,`strategy_id`,`type`,`org_id`)
VALUES 
(1,'ribbon.ReadTimeout','20000',NULL,NULL,NULL,NULL,NULL,NULL,NULL,NULL),
(2902,'hystrix.command.default.circuitBreaker.errorThresholdPercentage','50','2018-11-12 14:34:42','duanxin','2018-11-12 14:34:42',NULL,NULL,2,'errorThresholdPercentage',1),
(2903,'hystrix.command.default.circuitBreaker.requestVolumeThreshold','20','2018-11-12 14:34:42','duanxin','2018-11-12 14:34:42',NULL,NULL,2,'requestVolumeThreshold',1),
(2904,'hystrix.command.default.circuitBreaker.enabled','true','2018-11-12 14:34:42','duanxin','2018-11-12 14:34:42',NULL,NULL,2,'circuitBreakerEnabled',1),
(2905,'hystrix.command.default.circuitBreaker.sleepWindowInMilliseconds','5000','2018-11-12 14:34:42','duanxin','2018-11-12 14:34:42',NULL,NULL,2,'sleepWindowInMilliseconds',1),
(2906,'hystrix.command.default.execution.isolation.thread.timeoutInMilliseconds','1000','2018-11-12 14:34:42','duanxin','2018-11-12 14:34:42',NULL,NULL,2,'timeoutInMilliseconds',1),
(2907,'hystrix.command.msb-config#10048.circuitBreaker.sleepWindowInMilliseconds','5000','2018-11-12 14:38:16','duanxin','2018-11-12 14:38:16',NULL,10048,21,'sleepWindowInMilliseconds',1),
(2908,'hystrix.command.msb-config#10048.circuitBreaker.enabled','true','2018-11-12 14:38:16','duanxin','2018-11-12 14:38:16',NULL,10048,21,'circuitBreakerEnabled',1),
(2909,'hystrix.command.msb-config#10048.execution.isolation.thread.timeoutInMilliseconds','7000','2018-11-12 14:38:16','duanxin','2018-11-12 14:38:16',NULL,10048,21,'timeoutInMilliseconds',1),
(2910,'hystrix.command.msb-config#10048.circuitBreaker.errorThresholdPercentage','50','2018-11-12 14:38:16','duanxin','2018-11-12 14:38:16',NULL,10048,21,'errorThresholdPercentage',1),
(2911,'hystrix.command.msb-config#10048.circuitBreaker.requestVolumeThreshold','20','2018-11-12 14:38:16','duanxin','2018-11-12 14:38:16',NULL,10048,21,'requestVolumeThreshold',1);





--  MSB管理平台
--  1.app配置

INSERT INTO `t_app` (`id`,`app_id`,`app_secret`,`app_name`,`description`,`link_email`,`link_tel`,`link_man`,`company`,`status`,`create_by`,`create_time`,`update_by`,`update_time`,`org_id`,`is_created_in_sso`) 
VALUES  
(75,'331524f7-3457-4016-a856-2d4ab84b19bc','f6a2ce7223119c17879e92f6331c7806','msb-web','msb平台应用','666@33.com','13412345678','段新','广东移动集团',1,'2046','2018-09-26 18:10:53',NULL,NULL,1,0);



--  2.app订阅

INSERT INTO `t_app_order_api` (`id`,`app_id`,`api_id`,`status`,`start_date`,`end_date`,`create_date`,`create_by`,`update_by`,`update_date`) 
VALUES 
 (662,75,301,2,'2018-09-28 15:12:29','2050-01-06 15:12:29',NULL,NULL,NULL,NULL),
 (663,75,246,2,'2018-09-28 15:12:29','2050-01-06 15:12:29',NULL,NULL,NULL,NULL),
 (664,75,316,2,'2018-09-28 15:12:29','2050-01-06 15:12:29',NULL,NULL,NULL,NULL),
 (666,75,277,2,'2018-09-28 15:12:29','2050-01-06 15:12:29',NULL,NULL,NULL,NULL),
 (668,75,278,2,'2018-09-28 15:12:29','2050-01-06 15:12:29',NULL,NULL,NULL,NULL),
 (669,75,300,2,'2018-09-28 15:12:29','2050-01-06 15:12:29',NULL,NULL,NULL,NULL),
 (672,75,10010,2,'2018-09-28 15:12:29','2050-01-06 15:12:29',NULL,NULL,NULL,NULL),
 (673,75,10007,2,'2018-09-28 15:12:29','2050-01-06 15:12:29',NULL,NULL,NULL,NULL),
 (675,75,10009,2,'2018-09-28 15:12:29','2050-01-06 15:12:29',NULL,NULL,NULL,NULL),
 (676,75,10016,2,'2018-09-28 15:12:29','2050-01-06 15:12:29',NULL,NULL,NULL,NULL),
 (678,75,10032,2,'2018-09-28 15:12:29','2050-01-06 15:12:29',NULL,NULL,NULL,NULL),
 (679,75,10002,2,'2018-09-28 15:12:29','2050-01-06 15:12:29',NULL,NULL,NULL,NULL),
 (680,75,10000,2,'2018-09-28 15:12:29','2050-01-06 15:12:29',NULL,NULL,NULL,NULL),
 (681,75,10001,2,'2018-09-28 15:12:29','2050-01-06 15:12:29',NULL,NULL,NULL,NULL),
 (682,75,10004,2,'2018-09-28 15:12:29','2050-01-06 15:12:29',NULL,NULL,NULL,NULL),
 (683,75,10011,2,'2018-09-28 15:12:29','2050-01-06 15:12:29',NULL,NULL,NULL,NULL),
 (684,75,10013,2,'2018-09-28 15:12:29','2050-01-06 15:12:29',NULL,NULL,NULL,NULL),
 (685,75,10012,2,'2018-09-28 15:12:29','2050-01-06 15:12:29',NULL,NULL,NULL,NULL),
 (686,75,10017,2,'2018-09-28 15:12:29','2050-01-06 15:12:29',NULL,NULL,NULL,NULL),
 (687,75,10019,2,'2018-09-28 15:12:29','2050-01-06 15:12:29',NULL,NULL,NULL,NULL),
 (688,75,10020,2,'2018-09-28 15:12:29','2050-01-06 15:12:29',NULL,NULL,NULL,NULL),
 (689,75,10021,2,'2018-09-28 15:12:29','2050-01-06 15:12:29',NULL,NULL,NULL,NULL),
 (690,75,10018,2,'2018-09-28 15:12:29','2050-01-06 15:12:29',NULL,NULL,NULL,NULL),
 (691,75,10024,2,'2018-09-28 15:12:29','2050-01-06 15:12:29',NULL,NULL,NULL,NULL),
 (692,75,10022,2,'2018-09-28 15:12:29','2050-01-06 15:12:29',NULL,NULL,NULL,NULL),
 (693,75,10003,2,'2018-09-28 15:12:29','2050-01-06 15:12:29',NULL,NULL,NULL,NULL),
 (694,75,10025,2,'2018-09-28 15:12:29','2050-01-06 15:12:29',NULL,NULL,NULL,NULL),
 (695,75,10028,2,'2018-09-28 15:12:29','2050-01-06 15:12:29',NULL,NULL,NULL,NULL),
 (696,75,10027,2,'2018-09-28 15:12:29','2050-01-06 15:12:29',NULL,NULL,NULL,NULL),
 (697,75,10030,2,'2018-09-28 15:12:29','2050-01-06 15:12:29',NULL,NULL,NULL,NULL),
 (698,75,10031,2,'2018-09-28 15:12:29','2050-01-06 15:12:29',NULL,NULL,NULL,NULL),
 (699,75,10029,2,'2018-09-28 15:12:29','2050-01-06 15:12:29',NULL,NULL,NULL,NULL),
 (700,75,10015,2,'2018-09-28 15:12:29','2050-01-06 15:12:29',NULL,NULL,NULL,NULL),
 (701,75,10014,2,'2018-09-28 15:12:29','2050-01-06 15:12:29',NULL,NULL,NULL,NULL),
 (702,75,10026,2,'2018-09-28 15:12:29','2050-01-06 15:12:29',NULL,NULL,NULL,NULL),
 (703,75,10033,2,'2018-09-28 15:12:29','2050-01-06 15:12:29',NULL,NULL,NULL,NULL),
 (704,75,10005,2,'2018-09-28 15:12:29','2050-01-06 15:12:29',NULL,NULL,NULL,NULL),
 (705,75,10023,2,'2018-09-28 15:12:29','2050-01-06 15:12:29',NULL,NULL,NULL,NULL),
 (706,75,275,2,'2018-09-28 15:12:29','2050-01-06 15:12:29',NULL,NULL,NULL,NULL),
 (707,75,10039,2,'2018-09-28 15:12:29','2050-01-06 15:12:29',NULL,NULL,NULL,NULL),
 (708,75,10038,2,'2018-09-28 15:12:29','2050-01-06 15:12:29',NULL,NULL,NULL,NULL),
 (709,75,10040,2,'2018-09-28 15:12:29','2050-01-06 15:12:29',NULL,NULL,NULL,NULL),
 (710,75,10037,2,'2018-09-28 15:12:29','2050-01-06 15:12:29',NULL,NULL,NULL,NULL),
 (711,75,10041,2,'2018-09-28 15:12:29','2050-01-06 15:12:29',NULL,NULL,NULL,NULL),
 (712,75,10042,2,'2018-09-28 15:12:29','2050-01-06 15:12:29',NULL,NULL,NULL,NULL),
 (714,75,10044,2,'2018-09-28 15:12:29','2050-01-06 15:12:29',NULL,NULL,NULL,NULL),
 (715,75,10048,2,'2018-09-28 15:12:29','2050-01-06 15:12:29',NULL,NULL,NULL,NULL),
 (716,75,10050,2,'2018-09-28 15:12:29','2050-01-06 15:12:29',NULL,NULL,NULL,NULL),
 (717,75,10045,2,'2018-09-28 15:12:29','2050-01-06 15:12:29',NULL,NULL,NULL,NULL),
 (718,75,10046,2,'2018-09-28 15:12:29','2050-01-06 15:12:29',NULL,NULL,NULL,NULL),
 (719,75,10047,2,'2018-09-28 15:12:29','2050-01-06 15:12:29',NULL,NULL,NULL,NULL),
 (720,75,10049,2,'2018-09-28 15:12:29','2050-01-06 15:12:29',NULL,NULL,NULL,NULL),
 (721,75,10051,2,'2018-09-28 15:12:29','2050-01-06 15:12:29',NULL,NULL,NULL,NULL),
 (722,75,10052,2,'2018-09-28 15:12:29','2050-01-06 15:12:29',NULL,NULL,NULL,NULL),
 (723,75,10054,2,'2018-09-28 15:12:29','2050-01-06 15:12:29',NULL,NULL,NULL,NULL),
 (724,75,10053,2,'2018-09-28 15:12:29','2050-01-06 15:12:29',NULL,NULL,NULL,NULL),
 (726,75,10057,2,'2018-09-28 15:12:29','2050-01-06 15:12:29',NULL,NULL,NULL,NULL),
 (727,75,10056,2,'2018-09-28 15:12:29','2050-01-06 15:12:29',NULL,NULL,NULL,NULL),
 (729,75,10059,2,'2018-09-28 15:12:29','2050-01-06 15:12:29',NULL,NULL,NULL,NULL),
 (730,75,10061,2,'2018-09-28 15:12:29','2050-01-06 15:12:29',NULL,NULL,NULL,NULL),
 (731,75,10060,2,'2018-09-28 15:12:29','2050-01-06 15:12:29',NULL,NULL,NULL,NULL),
 (732,75,10068,2,'2018-09-28 15:12:29','2050-01-06 15:12:29',NULL,NULL,NULL,NULL),
 (734,75,10067,2,'2018-09-28 15:12:29','2050-01-06 15:12:29',NULL,NULL,NULL,NULL),
 (735,75,10064,2,'2018-09-28 15:12:29','2050-01-06 15:12:29',NULL,NULL,NULL,NULL),
 (736,75,10065,2,'2018-09-28 15:12:29','2050-01-06 15:12:29',NULL,NULL,NULL,NULL),
 (737,75,10063,2,'2018-09-28 15:12:29','2050-01-06 15:12:29',NULL,NULL,NULL,NULL),
 (738,75,10081,3,'2018-09-28 00:00:00','2050-01-06 23:59:59',NULL,NULL,NULL,NULL),
 (739,75,10078,2,'2018-09-28 15:12:29','2050-01-06 15:12:29',NULL,NULL,NULL,NULL),
 (740,75,10077,2,'2018-09-28 15:12:29','2050-01-06 15:12:29',NULL,NULL,NULL,NULL),
 (741,75,10080,2,'2018-09-28 15:12:29','2050-01-06 15:12:29',NULL,NULL,NULL,NULL),
 (742,75,10086,2,'2018-09-28 15:12:29','2050-01-06 15:12:29',NULL,NULL,NULL,NULL),
 (744,75,10087,3,'2018-09-28 00:00:00','2050-01-06 23:59:59',NULL,NULL,NULL,NULL),
 (745,75,10089,2,'2018-09-28 15:12:29','2050-01-06 15:12:29',NULL,NULL,NULL,NULL),
 (746,75,10090,2,'2018-09-28 15:12:29','2050-01-06 15:12:29',NULL,NULL,NULL,NULL),
 (747,75,10085,2,'2018-09-28 15:12:29','2050-01-06 15:12:29',NULL,NULL,NULL,NULL),
 (748,75,10076,2,'2018-09-28 15:12:29','2050-01-06 15:12:29',NULL,NULL,NULL,NULL),
 (749,75,10079,2,'2018-09-28 15:12:29','2050-01-06 15:12:29',NULL,NULL,NULL,NULL),
 (750,75,10083,2,'2018-09-28 15:12:29','2050-01-06 15:12:29',NULL,NULL,NULL,NULL),
 (752,75,10082,2,'2018-09-28 15:12:29','2050-01-06 15:12:29',NULL,NULL,NULL,NULL),
 (753,75,198,2,'2018-09-28 15:12:29','2050-01-06 15:12:29',NULL,NULL,NULL,NULL),
 (754,75,289,2,'2018-09-28 15:12:29','2050-01-06 15:12:29',NULL,NULL,NULL,NULL),
 (755,75,288,2,'2018-09-28 15:12:29','2050-01-06 15:12:29',NULL,NULL,NULL,NULL),
 (756,75,284,2,'2018-09-28 15:12:29','2050-01-06 15:12:29',NULL,NULL,NULL,NULL),
 (757,75,287,2,'2018-09-28 15:12:29','2050-01-06 15:12:29',NULL,NULL,NULL,NULL),
 (758,75,199,2,'2018-09-28 15:12:29','2050-01-06 15:12:29',NULL,NULL,NULL,NULL),
 (759,75,285,2,'2018-09-28 15:12:29','2050-01-06 15:12:29',NULL,NULL,NULL,NULL),
 (760,75,282,2,'2018-09-28 15:12:29','2050-01-06 15:12:29',NULL,NULL,NULL,NULL),
 (761,75,286,2,'2018-09-28 15:12:29','2050-01-06 15:12:29',NULL,NULL,NULL,NULL),
 (762,75,253,2,'2018-09-28 15:12:29','2050-01-06 15:12:29',NULL,NULL,NULL,NULL),
 (765,75,315,2,'2018-09-28 15:12:29','2050-01-06 15:12:29',NULL,NULL,NULL,NULL),
 (766,75,249,2,'2018-09-28 15:12:29','2050-01-06 15:12:29',NULL,NULL,NULL,NULL),
 (767,75,271,2,'2018-09-28 15:12:29','2050-01-06 15:12:29',NULL,NULL,NULL,NULL),
 (768,75,259,2,'2018-09-28 15:12:29','2050-01-06 15:12:29',NULL,NULL,NULL,NULL),
 (769,75,273,2,'2018-09-28 15:12:29','2050-01-06 15:12:29',NULL,NULL,NULL,NULL),
 (770,75,260,2,'2018-09-28 15:12:29','2050-01-06 15:12:29',NULL,NULL,NULL,NULL),
 (771,75,261,2,'2018-09-28 15:12:29','2050-01-06 15:12:29',NULL,NULL,NULL,NULL),
 (772,75,254,2,'2018-09-28 15:12:29','2050-01-06 15:12:29',NULL,NULL,NULL,NULL),
 (773,75,243,2,'2018-09-28 15:12:29','2050-01-06 15:12:29',NULL,NULL,NULL,NULL),
 (774,75,244,2,'2018-09-28 15:12:29','2050-01-06 15:12:29',NULL,NULL,NULL,NULL),
 (775,75,276,2,'2018-09-28 15:12:29','2050-01-06 15:12:29',NULL,NULL,NULL,NULL),
 (776,75,302,2,'2018-09-28 15:12:29','2050-01-06 15:12:29',NULL,NULL,NULL,NULL),
 (794,75,10081,3,'2018-09-28 00:00:00','2050-10-01 23:59:59','2018-09-28 16:54:41',NULL,NULL,'2018-09-28 16:58:15'),
 (795,75,10078,2,'2018-09-28 00:00:00','2050-11-30 23:59:59','2018-09-28 16:55:08',NULL,NULL,'2018-09-28 16:58:13'),
 (796,75,10077,2,'2018-09-28 00:00:00','2050-02-01 23:59:59','2018-09-28 16:55:28',NULL,NULL,'2018-09-28 16:58:12'),
 (797,75,10080,2,'2018-09-28 00:00:00','2050-04-17 23:59:59','2018-09-28 16:55:38',NULL,NULL,'2018-09-28 16:58:10'),
 (798,75,10086,2,'2018-09-28 00:00:00','2050-06-12 23:59:59','2018-09-28 16:55:53',NULL,NULL,'2018-09-28 16:58:07'),
 (800,75,10087,2,'2018-09-28 00:00:00','2050-11-21 23:59:59','2018-09-28 16:56:15',NULL,NULL,'2018-09-28 16:58:02'),
 (801,75,10089,2,'2018-09-28 00:00:00','2050-01-25 23:59:59','2018-09-28 16:56:24',NULL,NULL,'2018-09-28 16:58:00'),
 (802,75,10090,2,'2018-09-28 00:00:00','2050-03-27 23:59:59','2018-09-28 16:56:34',NULL,NULL,'2018-09-28 16:57:59'),
 (803,75,10085,2,'2018-09-28 00:00:00','2050-05-21 23:59:59','2018-09-28 16:56:45',NULL,NULL,'2018-09-28 16:57:57'),
 (804,75,10076,2,'2018-09-28 00:00:00','2050-05-21 23:59:59','2018-09-28 16:56:59',NULL,NULL,'2018-09-28 16:57:55'),
 (805,75,10079,2,'2018-09-28 00:00:00','2050-05-21 23:59:59','2018-09-28 16:57:10',NULL,NULL,'2018-09-28 16:57:53'),
 (806,75,10083,2,'2018-09-28 00:00:00','2050-05-28 23:59:59','2018-09-28 16:57:20',NULL,NULL,'2018-09-28 16:57:51'),
 (808,75,10082,2,'2018-09-28 00:00:00','2050-05-28 23:59:59','2018-09-28 16:57:34',NULL,NULL,'2018-09-28 16:57:47'),
 (811,75,10066,2,'2018-09-28 00:00:00','2050-09-28 23:59:59','2018-09-27 16:50:04',NULL,NULL,'2018-09-27 16:50:04'),
 (813,75,10091,2,'2018-09-30 00:00:00','2050-11-24 23:59:59','2018-09-30 13:08:55',NULL,NULL,'2018-09-30 13:09:19'),
 (815,75,10092,2,'2018-09-30 00:00:00','2050-11-30 23:59:59','2018-09-30 13:13:20',NULL,NULL,'2018-09-30 13:13:31'),
 (822,75,10066,2,'2018-10-09 00:00:00','2050-10-10 23:59:59','2018-10-09 11:35:36',NULL,NULL,'2018-10-09 11:35:41'),
 (953,75,10066,2,'2018-10-11 00:00:00','2050-01-31 23:59:59','2018-10-11 14:57:15',NULL,NULL,'2018-10-11 14:57:22'),
 (954,75,10034,2,'2018-10-15 00:00:00','2050-07-31 23:59:59','2018-10-15 09:39:03',NULL,NULL,'2018-10-15 09:39:11'),
 (955,75,10093,2,'2018-10-15 00:00:00','2050-03-30 23:59:59','2018-10-15 11:01:19',NULL,NULL,'2018-10-15 11:02:14'),
 (956,75,10094,2,'2018-10-15 00:00:00','2050-03-31 23:59:59','2018-10-15 11:01:36',NULL,NULL,'2018-10-15 11:02:12'),
 (957,75,10095,2,'2018-10-15 00:00:00','2050-03-31 23:59:59','2018-10-15 11:01:49',NULL,NULL,'2018-10-15 11:02:10'),
 (958,75,10069,2,'2018-10-15 00:00:00','2050-02-23 23:59:59','2018-10-15 11:27:19',NULL,NULL,'2018-10-15 11:28:30'),
 (959,75,10070,2,'2018-10-15 00:00:00','2050-08-24 23:59:59','2018-10-15 11:27:32',NULL,NULL,'2018-10-15 11:28:27'),
 (960,75,10071,2,'2018-10-15 00:00:00','2050-12-28 23:59:59','2018-10-15 11:27:42',NULL,NULL,'2018-10-15 11:28:26'),
 (961,75,10072,2,'2018-10-15 00:00:00','2050-05-30 23:59:59','2018-10-15 11:27:54',NULL,NULL,'2018-10-15 11:28:24'),
 (962,75,10073,2,'2018-10-15 00:00:00','2050-10-31 23:59:59','2018-10-15 11:28:12',NULL,NULL,'2018-10-15 11:28:22'),
 (965,75,10074,2,'2018-10-17 00:00:00','2050-12-31 23:59:59','2018-10-17 10:49:34',NULL,NULL,'2018-10-17 10:49:45'),
 (974,75,10096,2,'2018-10-19 00:00:00','2050-04-24 23:59:59','2018-10-19 09:49:40',NULL,NULL,'2018-10-19 09:49:47'),
 (975,75,10097,2,'2018-10-19 00:00:00','2050-03-28 23:59:59','2018-10-19 14:45:44',NULL,NULL,'2018-10-19 14:45:54'),
 (978,75,10006,2,'2018-10-19 00:00:00','2050-12-30 23:59:59','2018-10-19 19:25:20',NULL,NULL,'2018-10-19 19:25:30'),
 (979,75,10084,2,'2018-10-22 00:00:00','2050-02-28 23:59:59','2018-10-22 09:47:30',NULL,NULL,'2018-10-22 09:47:41'),
 (2001,75,10075,2,'2018-10-23 00:00:00','2050-03-03 23:59:59','2018-10-23 18:21:35',NULL,NULL,'2018-10-23 18:21:42'),
 (2003,75,10099,2,'2018-10-24 00:00:00','2050-12-31 23:59:59','2018-10-24 14:25:56',NULL,NULL,'2018-10-24 14:26:02'),
 (2006,75,10081,2,'2018-10-25 00:00:00','2050-12-31 23:59:59','2018-10-25 14:09:49',NULL,NULL,'2018-10-25 14:45:13'),
 (2008,75,20005,2,'2018-10-26 00:00:00','2050-03-28 23:59:59','2018-10-26 11:17:38',NULL,NULL,'2018-10-26 11:17:46'),
 (2010,75,10055,2,'2018-10-29 00:00:00','2050-12-31 23:59:59','2018-10-29 16:29:19',NULL,NULL,'2018-10-29 16:29:35'),
 (2011,75,10088,2,'2018-10-29 00:00:00','2050-12-31 23:59:59','2018-10-29 17:16:42',NULL,NULL,'2018-10-29 17:17:21'),
 (2012,75,10008,2,'2018-10-29 00:00:00','2050-12-31 23:59:59','2018-10-29 17:18:52',NULL,NULL,'2018-10-29 17:18:57'),
 (2013,75,10058,2,'2018-10-29 00:00:00','2050-12-31 23:59:59','2018-10-29 17:24:16',NULL,NULL,'2018-10-29 17:24:23'),
 (2015,75,20007,2,'2018-10-29 00:00:00','2050-05-01 23:59:59','2018-10-29 18:08:05',NULL,NULL,'2018-10-29 18:09:00'),
 (2016,75,20008,2,'2018-10-29 00:00:00','2050-10-31 23:59:59','2018-10-29 18:08:26',NULL,NULL,'2018-10-29 18:08:57'),
 (2017,75,20009,2,'2018-10-30 00:00:00','2050-03-09 23:59:59','2018-10-30 18:15:09',NULL,NULL,'2018-10-30 18:15:15'),
 (2018,75,20015,2,'2018-10-31 00:00:00','2050-02-28 23:59:59','2018-10-31 10:08:53',NULL,NULL,'2018-10-31 10:12:17'),
 (2019,75,20013,2,'2018-10-31 00:00:00','2050-05-30 23:59:59','2018-10-31 10:09:02',NULL,NULL,'2018-10-31 10:12:13'),
 (2020,75,20014,2,'2018-10-31 00:00:00','2050-05-30 23:59:59','2018-10-31 10:09:13',NULL,NULL,'2018-10-31 10:12:10'),
 (2022,75,20011,2,'2018-10-31 00:00:00','2050-05-30 23:59:59','2018-10-31 10:10:11',NULL,NULL,'2018-10-31 10:12:03'),
 (2023,75,20010,2,'2018-10-31 00:00:00','2050-05-30 23:59:59','2018-10-31 10:10:33',NULL,NULL,'2018-10-31 10:12:00'),
 (2024,75,20012,2,'2018-10-31 00:00:00','2050-05-30 23:59:59','2018-10-31 10:11:01',NULL,NULL,'2018-10-31 10:11:59'),
 (2025,75,20016,2,'2018-11-01 00:00:00','2050-02-28 23:59:59','2018-11-01 15:16:44',NULL,NULL,'2018-11-01 15:16:51'),
 (2035,75,20021,2,'2018-11-06 00:00:00','2050-03-21 23:59:59','2018-11-06 14:15:23',NULL,NULL,'2018-11-06 14:15:30'),
 (2036,75,10041,1,'2018-11-06 00:00:00','2050-02-27 23:59:59','2018-11-06 18:05:00',NULL,NULL,'2018-11-06 18:05:33'),
 (2037,75,20023,1,'2018-11-06 00:00:00','2050-04-17 23:59:59','2018-11-06 18:30:11',NULL,NULL,'2018-11-06 18:31:43'),
 (2038,75,20023,1,'2018-11-06 00:00:00','2050-04-17 23:59:59','2018-11-06 18:30:32',NULL,NULL,'2018-11-06 18:31:41'),
 (2039,75,20023,2,'2018-11-06 00:00:00','2050-07-30 23:59:59','2018-11-06 18:31:04',NULL,NULL,'2018-11-06 18:31:39'),
 (2043,75,20026,2,'2018-11-07 00:00:00','2050-02-13 23:59:59','2018-11-07 12:00:34',NULL,NULL,'2018-11-07 12:00:39'),
 (2044,75,20027,2,'2018-11-07 00:00:00','2050-03-07 23:59:59','2018-11-07 13:52:26',NULL,NULL,'2018-11-07 13:52:33'),
 (2046,75,20029,2,'2018-11-07 00:00:00','2050-02-04 23:59:59','2018-11-07 16:19:15',NULL,NULL,'2018-11-07 16:19:20'),
 (2049,75,20031,2,'2018-11-07 00:00:00','2050-03-19 23:59:59','2018-11-07 18:00:20',NULL,NULL,'2018-11-07 18:00:27'),
 (2050,75,20032,2,'2018-11-08 00:00:00','2050-03-21 23:59:59','2018-11-08 15:53:52',NULL,NULL,'2018-11-08 15:53:58'),
 (2051,75,20033,2,'2018-11-08 00:00:00','2050-03-06 23:59:59','2018-11-08 16:05:58',NULL,NULL,'2018-11-08 16:06:03'),
 (2052,75,20034,2,'2018-11-09 00:00:00','2050-01-31 23:59:59','2018-11-09 10:46:54',NULL,NULL,'2018-11-09 10:47:01'),
 (2054,75,20043,2,'2018-11-09 00:00:00','2050-11-19 23:59:59','2018-11-09 14:15:43',NULL,NULL,'2018-11-09 14:18:16'),
 (2055,75,20042,2,'2018-11-09 00:00:00','2050-11-19 23:59:59','2018-11-09 14:16:04',NULL,NULL,'2018-11-09 14:18:14'),
 (2056,75,20041,2,'2018-11-09 00:00:00','2050-11-19 23:59:59','2018-11-09 14:16:15',NULL,NULL,'2018-11-09 14:18:10'),
 (2060,75,20037,2,'2018-11-09 00:00:00','2050-11-19 23:59:59','2018-11-09 14:16:53',NULL,NULL,'2018-11-09 14:18:02'),
 (2061,75,20036,2,'2018-11-09 00:00:00','2050-11-19 23:59:59','2018-11-09 14:17:02',NULL,NULL,'2018-11-09 14:18:00'),
 (2062,75,20035,2,'2018-11-09 00:00:00','2050-11-19 23:59:59','2018-11-09 14:17:10',NULL,NULL,'2018-11-09 14:17:58');

--  错误码

INSERT INTO `t_error_code` (service_id, code, message, description) 
VALUES
 ( 'msb-system', '0007-00001', '入参不能为空', ''),
 ( 'msb-system', '0007-00002', '组名称不能为空', ''),
 ( 'msb-system', '0007-00003', '数据组不能为空', ''),
 ( 'msb-system', '0007-00004', '主组标志不能为空', ''),
 ( 'msb-system', '0007-00005', '数据约束验证失败', ''),
 ( 'msb-system', '0007-00006', '缺少参数', ''),
 ( 'msb-system', '0007-00007', '角色名称为空或超长', ''),
 ( 'msb-system', '0007-00008', '角色名称为空或超长', ''),
 ( 'msb-system', '0007-00009', '角色名称重复', ''),
 ( 'msb-system', '0007-00010', '缺少父节点或组名', ''),
 ( 'msb-system', '0007-00012', '操作数据为空', ''),
 ( 'msb-system', '0007-00013', 'id不能为空', ''),
 ( 'msb-system', '0007-00014', '入参不能为空', ''),
 ( 'msb-system', '0007-00015', '机构编码不能为空', ''),
 ( 'msb-system', '0007-00016', '机构名称不能为空', ''),
 ( 'msb-system', '0007-00017', '上级机构id不能为空', ''),
 ( 'msb-system', '0007-00018', '机构ID不能为空', ''),
 ( 'msb-system', '0007-10010', 'eoms服务地址配置为空', ''),
 ( 'msb-system', '0007-10011', '请求eoms参数错误', ''),
 ( 'msb-system', '0007-10012', '加密请求参数错误', ''),
 ( 'msb-system', '0007-10013', '同步组织架构', ''),
 ( 'msb-system', '0007-10014', '同步组织架构失败，网络异常', ''),
 ( 'msb-system', '0007-10015', '解析返回内容异常', ''),
 ( 'msb-system', '0007-10016', '返回结果中未找到rtData', ''),
 ( 'msb-system', '0007-10017', 'eoms返回错误失败', ''),
 ( 'msb-system', '0007-10018', '验证失败', ''),
 ( 'msb-system', '0007-10019', '验证TOKEN失败，网络异常', ''),
 ( 'msb-system', '0007-10020', '状态只能是0或1', ''),
 ( 'msb-system', '0007-10021', '该模块已被授权，不能删除', ''),
 ( 'msb-system', '0007-10022', '模块名称已经存在', ''),
 ( 'msb-system', '0007-10023', '模块KEY已经存在', ''),
 ( 'msb-system', '0007-10024', '模块不存在', ''),
 ( 'msb-system', '0007-10025', '角色名称重复', ''),
 ( 'msb-system', '0007-10026', '该角色下存在账号，不能删除', ''),
 ( 'msb-system', '0007-10027', '该角色下存在授权模块，不能删除', ''),
 ( 'msb-system', '0007-10028', '数据不存在', ''),
 ( 'msb-system', '0007-10029', '数据不存在', ''),
 ( 'msb-system', '0007-10030', '数据不存在', ''),
 ( 'msb-system', '0007-10031', '操作数据为空', ''),
 ( 'msb-system', '0007-10032', '未找到记录', ''),
 ( 'msb-system', '0007-10033', '新增出错', ''),
 ( 'msb-system', '0007-10034', '修改出错', ''),
 ( 'msb-system', '0007-10035', '删除出错', ''),
 ( 'msb-system', '0007-10036', '查询失败', ''),
 ( 'msb-system', '0007-10037', '未找到记录', ''),
 ( 'msb-system', '0007-10038', '数据异常或者层次超过20', ''),
 ( 'msb-system', '0007-10039', '未能确定root节点', ''),
 ( 'msb-system', '0007-10040', '上级机构不存在', ''),
 ( 'msb-system', '0007-10041', '要修改的数据不存在', ''),
 ( 'msb-system', '0007-10042', '组织ID不能为空', ''),
 ( 'msb-system', '0007-11000', '获取错误码异常', ''),
 ( 'msb-system', '0007-11001', '签名错误', ''),
 ( 'msb-system', '0007-20001', '数据库连接异常', ''),
 ( 'msb-system', '0007-20002', 'redis连接异常', ''),
 ( 'msb-system', '0007-20003', '服务器内部错误', ''),
 ( 'msb-system', '0007-20004', '数据库用户名密码错误', ''),
 ( 'msb-system', '0007-20005', '数据库操作异常', ''),
 ( 'msb-system', '0007-31044', '数据库拒绝用户访问数据库', ''),
 ( 'msb-system', '0007-31045', '数据库用户名和密码错误', ''),
 ( 'msb-auth', '0002-00001', '应用ID不能为空', ''),
 ( 'msb-auth', '0002-00002', 'API id不能为空', ''),
 ( 'msb-auth', '0002-10001', '密钥不正确', ''),
 ( 'msb-auth', '0002-10002', '应用不存在', ''),
 ( 'msb-auth', '0002-10003', '应用状态不为生效', ''),
 ( 'msb-auth', '0002-10004', '未获取到用户', ''),
 ( 'msb-auth', '0002-10005', 'token 已失效', ''),
 ( 'msb-auth', '0002-10006', 'token中未包含失效时间信息', ''),
 ( 'msb-auth', '0002-10007', 'token验证失败，无效签名', ''),
 ( 'msb-auth', '0002-10008', 'token验证失败', ''),
 ( 'msb-auth', '0002-10009', 'eoms服务地址配置为空', ''),
 ( 'msb-auth', '0002-10010', '请求eoms参数错误', ''),
 ( 'msb-auth', '0002-10011', '获取账号失败', ''),
 ( 'msb-auth', '0002-10012', '获取账号信息失败，网络异常', ''),
 ( 'msb-auth', '0002-10013', '解析返回内容异常', ''),
 ( 'msb-auth', '0002-10014', '返回结果中未找到rtData', ''),
 ( 'msb-auth', '0002-10015', 'eoms返回错误', ''),
 ( 'msb-auth', '0002-10016', '请求sso的地址为空', ''),
 ( 'msb-auth', '0002-10017', 'SSO验证失败，网络异常', ''),
 ( 'msb-auth', '0002-10018', '请求sso的地址为空', ''),
 ( 'msb-auth', '0002-10019', 'json 处理异常', ''),
 ( 'msb-auth', '0002-10020', 'SSO blacklist，网络异常', ''),
 ( 'msb-auth', '0002-10021', 'sso check token 地址未配置', ''),
 ( 'msb-auth', '0002-10022', '验证失败', ''),
 ( 'msb-auth', '0002-10023', '验证TOKEN失败，网络异常', ''),
 ( 'msb-auth', '0002-10024', '用户状态不为启用', ''),
 ( 'msb-auth', '0002-10025', '用户被锁定', ''),
 ( 'msb-auth', '0002-10026', '账户被锁定', ''),
 ( 'msb-auth', '0002-10027', 'jwt json解析异常', ''),
 ( 'msb-auth', '0002-11000', '获取错误码异常', ''),
 ( 'msb-auth', '0002-11001', '签名错误', ''),
 ( 'msb-auth', '0002-20001', '数据库连接异常', ''),
 ( 'msb-auth', '0002-20002', 'redis连接异常', ''),
 ( 'msb-auth', '0002-20003', '服务器内部错误', ''),
 ( 'msb-auth', '0002-20004', '数据库用户名密码错误', ''),
 ( 'msb-auth', '0002-20005', '数据库操作异常', ''),
 ( 'msb-auth', '0002-31044', '数据库拒绝用户访问数据库', ''),
 ( 'msb-auth', '0002-31045', '数据库用户名和密码错误', ''),
 ( 'msb-config', '0003-00001', '数据约束验证失败', ''),
 ( 'msb-config', '0003-10001', '该环境下此属性已经配置过了', ''),
 ( 'msb-config', '0003-10002', '刷新配置失败', ''),
 ( 'msb-config', '0003-11000', '获取错误码异常', ''),
 ( 'msb-config', '0003-11001', '签名错误', ''),
 ( 'msb-config', '0003-20001', '数据库连接异常', ''),
 ( 'msb-config', '0003-20002', 'redis连接异常', ''),
 ( 'msb-config', '0003-20003', '服务器内部错误', ''),
 ( 'msb-config', '0003-20004', '数据库用户名密码错误', ''),
 ( 'msb-config', '0003-20005', '数据库操作异常', ''),
 ( 'msb-config', '0003-31044', '数据库拒绝用户访问数据库', ''),
 ( 'msb-config', '0003-31045', '数据库用户名和密码错误', ''),
 ( 'msb-monitor', '0004-00001', '入参不能为空', ''),
 ( 'msb-monitor', '0004-11000', '获取错误码异常', ''),
 ( 'msb-monitor', '0004-11001', '签名错误', ''),
 ( 'msb-monitor', '0004-20001', '数据库连接异常', ''),
 ( 'msb-monitor', '0004-20002', 'redis连接异常', ''),
 ( 'msb-monitor', '0004-20003', '服务器内部错误', ''),
 ( 'msb-monitor', '0004-20004', '数据库用户名密码错误', ''),
 ( 'msb-monitor', '0004-20005', '数据库操作异常', ''),
 ( 'msb-monitor', '0004-31044', '数据库拒绝用户访问数据库', ''),
 ( 'msb-monitor', '0004-31045', '数据库用户名和密码错误', ''),
 ( 'msb-route', '0005-00001', '服务ID不能为空', ''),
 ( 'msb-route', '0005-00002', '路径不能为空', ''),
 ( 'msb-route', '0005-00003', '入参不能为空', ''),
 ( 'msb-route', '0005-00004', '路径格式不正确，如：/aBc/,/a/b/，以/开头和结尾，中间只能输入字母、数字、-', ''),
 ( 'msb-route', '0005-10001', '未找到记录', ''),
 ( 'msb-route', '0005-10002', '要删除的记录不存在', ''),
 ( 'msb-route', '0005-10003', '修改记录不存在', ''),
 ( 'msb-route', '0005-10004', '服务不存在', ''),
 ( 'msb-route', '0005-10005', 'route不能为空', ''),
 ( 'msb-route', '0005-10006', '路径已经存在', ''),
 ( 'msb-route', '0005-10007', '同步路由配置失败', ''),
 ( 'msb-route', '0005-10008', '同步路由配置失败，网络异常', ''),
 ( 'msb-route', '0005-10009', '未获取到msb-zuul微服务信息，无法同步配置', ''),
 ( 'msb-route', '0005-11000', '获取错误码异常', ''),
 ( 'msb-route', '0005-11001', '签名错误', ''),
 ( 'msb-route', '0005-20001', '数据库连接异常', ''),
 ( 'msb-route', '0005-20002', 'redis连接异常', ''),
 ( 'msb-route', '0005-20003', '服务器内部错误', ''),
 ( 'msb-route', '0005-20004', '数据库用户名密码错误', ''),
 ( 'msb-route', '0005-20005', '数据库操作异常', ''),
 ( 'msb-route', '0005-31044', '数据库拒绝用户访问数据库', ''),
 ( 'msb-route', '0005-31045', '数据库用户名和密码错误', ''),
 ( 'msb-service', '0006-00001', '入参不能为空', ''),
 ( 'msb-service', '0006-00002', '服务ID格式不正确', ''),
 ( 'msb-service', '0006-00010', '服务ID不能为空', ''),
 ( 'msb-service', '0006-00011', '错误编码不能为空', ''),
 ( 'msb-service', '0006-00012', '错误消息不能为空', ''),
 ( 'msb-service', '0006-00013', '参数不能为空', ''),
 ( 'msb-service', '0006-00014', '更新的记录不存在', ''),
 ( 'msb-service', '0006-00015', '服务ID格式不正确，需要是字母、数字、下划线、短横线', ''),
 ( 'msb-service', '0006-00016', '服务Code不能重复', ''),
 ( 'msb-service', '0006-10001', '错误码已存在', ''),
 ( 'msb-service', '0006-10002', '修改的记录不存在', ''),
 ( 'msb-service', '0006-10003', '删除的记录不存在', ''),
 ( 'msb-service', '0006-10004', '记录不存在', ''),
 ( 'msb-service', '0006-10005', '服务不存在', ''),
 ( 'msb-service', '0006-10006', '服务编码不存在', ''),
 ( 'msb-service', '0006-10007', '同步错误码失败', ''),
 ( 'msb-service', '0006-10008', '同步错误码失败，网络异常', ''),
 ( 'msb-service', '0006-10009', '未获取到微服务信息，无法同步配置', ''),
 ( 'msb-service', '0006-10010', '请求服务日志返回失败', ''),
 ( 'msb-service', '0006-10011', '同步路由配置失败，网络异常', ''),
 ( 'msb-service', '0006-10012', '请求服务日志转换返回内容失败', ''),
 ( 'msb-service', '0006-10013', '删除的记录不存在', ''),
 ( 'msb-service', '0006-10014', '该服务下存在API不能删除', ''),
 ( 'msb-service', '0006-10015', '调用api服务失败', ''),
 ( 'msb-service', '0006-10016', '调用api服务异常', ''),
 ( 'msb-service', '0006-10017', '该服务下存在路由信息', ''),
 ( 'msb-service', '0006-10018', '调用route服务失败', ''),
 ( 'msb-service', '0006-10019', '调用route服务异常', ''),
 ( 'msb-service', '0006-10020', '该服务下存在微服务配置信息', ''),
 ( 'msb-service', '0006-10021', '调用config服务失败', ''),
 ( 'msb-service', '0006-10022', '调用config服务异常', ''),
 ( 'msb-service', '0006-10023', '该服务存在错误码配置不能删除', ''),
 ( 'msb-service', '0006-11000', '获取错误码异常', ''),
 ( 'msb-service', '0006-11001', '签名错误', ''),
 ( 'msb-service', '0006-20001', '数据库连接异常', ''),
 ( 'msb-service', '0006-20002', 'redis连接异常', ''),
 ( 'msb-service', '0006-20003', '服务器内部错误', ''),
 ( 'msb-service', '0006-20004', '数据库用户名密码错误', ''),
 ( 'msb-service', '0006-20005', '数据库操作异常', ''),
 ( 'msb-service', '0006-31044', '数据库拒绝用户访问数据库', ''),
 ( 'msb-service', '0006-31045', '数据库用户名和密码错误', ''),
 ( 'msb-zuul', '0008-00001', '入参不能为空', ''),
 ( 'msb-zuul', '0008-00002', '应用ID不能为空', ''),
 ( 'msb-zuul', '0008-10001', 'token过期或者不存在', ''),
 ( 'msb-zuul', '0008-10002', 'app token过期或者不存在', ''),
 ( 'msb-zuul', '0008-10003', 'token不存在', ''),
 ( 'msb-zuul', '0008-10004', 'token验证失败，无效签名', ''),
 ( 'msb-zuul', '0008-10005', 'token验证失败', ''),
 ( 'msb-zuul', '0008-10006', 'jwt json解析异常', ''),
 ( 'msb-zuul', '0008-10007', '不能匿名访问', ''),
 ( 'msb-zuul', '0008-10008', '无权访问', ''),
 ( 'msb-zuul', '0008-10009', 'API未注册或不为生效', ''),
 ( 'msb-zuul', '0008-10010', '应用未订阅该API', ''),
 ( 'msb-zuul', '0008-10011', '访问过于频繁', ''),
 ( 'msb-zuul', '0008-10012', '应用不存在', ''),
 ( 'msb-zuul', '0008-10013', '应用状态不为生效', ''),
 ( 'msb-zuul', '0008-10014', '请为用户分配一个数据组', ''),
 ( 'msb-zuul', '0008-11000', '获取错误码异常', ''),
 ( 'msb-zuul', '0008-11001', '签名错误', ''),
 ( 'msb-zuul', '0008-20001', '数据库连接异常', ''),
 ( 'msb-zuul', '0008-20002', 'redis连接异常', ''),
 ( 'msb-zuul', '0008-20003', '服务器内部错误', ''),
 ( 'msb-zuul', '0008-20004', '数据库用户名密码错误', ''),
 ( 'msb-zuul', '0008-20005', '数据库操作异常', ''),
 ( 'msb-zuul', '0008-31044', '数据库拒绝用户访问数据库', ''),
 ( 'msb-zuul', '0008-31045', '数据库用户名和密码错误', ''),
 ( 'msb-break', '0009-00001', '策略名称和是否默认必须输入', ''),
 ( 'msb-break', '0009-00002', '缺少策略ID', ''),
 ( 'msb-break', '0009-10001', '熔断策略不存在', ''),
 ( 'msb-break', '0009-10002', 'api不存在', ''),
 ( 'msb-break', '0009-10003', '此操作无权修改默认策略', ''),
 ( 'msb-break', '0009-10004', '不能绑定默认策略', ''),
 ( 'msb-break', '0009-10005', '熔断策略名称重复', ''),
 ( 'msb-break', '0009-11000', '获取错误码异常', ''),
 ( 'msb-break', '0009-11001', '签名错误', ''),
 ( 'msb-break', '0009-20001', '数据库连接异常', ''),
 ( 'msb-break', '0009-20002', 'redis连接异常', ''),
 ( 'msb-break', '0009-20003', '服务器内部错误', ''),
 ( 'msb-break', '0009-20004', '数据库用户名密码错误', ''),
 ( 'msb-break', '0009-20005', '数据库操作异常', ''),
 ( 'msb-break', '0009-31044', '数据库拒绝用户访问数据库', ''),
 ( 'msb-break', '0009-31045', '数据库用户名和密码错误', ''),
 ( 'msb-fluid', '0010-00001', '数据约束验证失败', ''),
 ( 'msb-fluid', '0010-00002', 'APP不存在', ''),
 ( 'msb-fluid', '0010-00003', 'API不存在', ''),
 ( 'msb-fluid', '0010-00004', '流控策略已经存在', ''),
 ( 'msb-fluid', '0010-00005', '流控策略不存在', ''),
 ( 'msb-fluid', '0010-00006', '秒，分，时 必须设置一个', ''),
 ( 'msb-fluid', '0010-11000', '获取错误码异常', ''),
 ( 'msb-fluid', '0010-11001', '签名错误', ''),
 ( 'msb-fluid', '0010-20001', '数据库连接异常', ''),
 ( 'msb-fluid', '0010-20002', 'redis连接异常', ''),
 ( 'msb-fluid', '0010-20003', '服务器内部错误', ''),
 ( 'msb-fluid', '0010-20004', '数据库用户名密码错误', ''),
 ( 'msb-fluid', '0010-20005', '数据库操作异常', ''),
 ( 'msb-fluid', '0010-31044', '数据库拒绝用户访问数据库', ''),
 ( 'msb-fluid', '0010-31045', '数据库用户名和密码错误', '');

